﻿<?xml version="1.0" encoding="utf-8" standalone="no"?>
<ROOT>
    <PRTINFO>
        <PRTID>0</PRTID>
        <PRTNM>사용안함                </PRTNM>
        <OUTIP>127.0.0.1</OUTIP>
        <OUTPORT>13734</OUTPORT>
        <SUPPORTIP>1</SUPPORTIP>
        <SELECTED />
        <IOPORT />
        <LEFTMARGIN />
        <TOPMARGIN />
        <PRTTYPE />
    </PRTINFO>
    <PRTINFO>
        <PRTID>1</PRTID>
        <PRTNM>일반프린트               </PRTNM>
        <OUTIP>127.0.0.1</OUTIP>
        <OUTPORT>0</OUTPORT>
        <SUPPORTIP>1</SUPPORTIP>
        <SELECTED />
        <IOPORT />
        <LEFTMARGIN />
        <TOPMARGIN />
        <PRTTYPE />
    </PRTINFO>
    <PRTINFO>
        <PRTID>2</PRTID>
        <PRTNM>SATO(CT400)         </PRTNM>
        <OUTIP />
        <OUTPORT>0</OUTPORT>
        <SUPPORTIP>1</SUPPORTIP>
        <SELECTED>1</SELECTED>
        <IOPORT>\\10.95.25.15\SATO CT400</IOPORT>
        <LEFTMARGIN />
        <TOPMARGIN />
        <PRTTYPE />
    </PRTINFO>
    <PRTINFO>
        <PRTID>3</PRTID>
        <PRTNM>SATO(CL408)         </PRTNM>
        <OUTIP>127.0.0.1</OUTIP>
        <OUTPORT>0</OUTPORT>
        <SUPPORTIP>1</SUPPORTIP>
        <SELECTED />
        <IOPORT />
        <LEFTMARGIN />
        <TOPMARGIN />
        <PRTTYPE />
    </PRTINFO>
</ROOT>