<?xml version="1.0" standalone="no"?>
<!-- 선택된 검사분류 코드 -->
<ROOT>
             <TCLS>
                          <testcd>LB001</testcd>
                          <tnmd>ABO &amp; RH(D) typing</tnmd>
                          <spcnmd>BLOOD</spcnmd>
                          <errflg />
                          <remark />
                          <spccd>S01</spccd>
                          <sugacd />
                          <insugbn />
                          <tsectcd>B1</tsectcd>
                          <minspcvol>0</minspcvol>
                          <tordcd>LBABORH</tordcd>
                          <tcdgbn>B</tcdgbn>
                          <tcd>LB001   S01</tcd>
             </TCLS>
             <TCLS>
                          <testcd>LB152</testcd>
                          <tnmd>불규칙항체검사(동정)</tnmd>
                          <spcnmd>BLOOD</spcnmd>
                          <errflg />
                          <remark />
                          <spccd>S01</spccd>
                          <sugacd />
                          <insugbn />
                          <tsectcd>B1</tsectcd>
                          <minspcvol>0</minspcvol>
                          <tordcd>LBB2062006</tordcd>
                          <tcdgbn>S</tcdgbn>
                          <tcd>LB152   S01</tcd>
             </TCLS>
             <TCLS>
                          <testcd>LB142</testcd>
                          <tnmd>X-matching</tnmd>
                          <spcnmd>BLOOD</spcnmd>
                          <errflg />
                          <remark />
                          <spccd>S01</spccd>
                          <sugacd />
                          <insugbn />
                          <tsectcd>B1</tsectcd>
                          <minspcvol>0</minspcvol>
                          <tordcd>LBB2050X</tordcd>
                          <tcdgbn>S</tcdgbn>
                          <tcd>LB142   S01</tcd>
             </TCLS>
</ROOT>